ChIJ_VnySOfI5zsRFrpJBuBb9ow	[19.0614623, 72.85808089999999]	[1502982981, 1504454522, 1504458115, 1504546011, 1504854206, 1505203839, 1505277594, 1505824888, 1506056156, 1506243371, 1506326784, 1506496258, 1506506144, 1506959566, 1507271835, 1509001683, 1509184400]	[3791, 896, 900, 895, 891, 891, 911, 1811, 1807, 1799, 903, 891, 1800, 902, 2695, 895, 906]
ChIJEc9tzODI5zsR8hu8gL0gOW4	[19.0620056, 72.8571802]	[1504524431, 1510232922]	[902, 901]
ChIJVf20xeDI5zsRDolOrFaI88M	[19.0619743, 72.8565414]	[1488734889, 1506103827, 1506332163, 1507533981]	[3663, 902, 3598, 902]
ChIJ7cU43ODI5zsRuhlC4dGx3WU	[19.0624794, 72.85622959999999]	[1488734889, 1506103828, 1506332163, 1507533982, 1508068925]	[3663, 901, 3598, 901, 910]
ChIJVRL93-DI5zsRVbmVCM8J-xA	[19.0628795, 72.8559765]	[1507466859]	[923]
ChIJj2ptgOHI5zsR7pylW__TuJI	[19.065573, 72.8544008]	[1508004421]	[1797]
ChIJwR-GKOLI5zsR3qSIpsvZZqQ	[19.0658082, 72.8538112]	[1508004421]	[1797]
ChIJp4DR9eHI5zsRJFBKMmGEH8g	[19.0653857, 72.8527891]	[1509282175]	[898]
ChIJ1UUF_eHI5zsRcbmW9b_BXBQ	[19.0648386, 72.8517639]	[1497191147]	[1]
ChIJJZIsdR7J5zsReHl8cmo6ARE	[19.0650576, 72.85006899999999]	[1505135513]	[813]
ChIJ6aSR3h3J5zsRKzulC1SxHaw	[19.0655171, 72.84978199999999]	[1505135514]	[812]
ChIJVfaT2x3J5zsR9iJiH9ZadTg	[19.0656778, 72.84959289999999]	[1505135515]	[811]
ChIJpYtARTvI5zsRxFcwCBCeiaM	[19.1179493, 72.8684095]	[1492005124, 1494478811]	[3924, 3790]
ChIJXxgvaDvI5zsRXZSfLS5khck	[19.1172033, 72.86837229999999]	[1500297759, 1505448196, 1506002408, 1506078650, 1506084996, 1506089510, 1506348402, 1507096878, 1507180246, 1507896144, 1507903397, 1508246638, 1510319774]	[3945, 3599, 902, 3621, 933, 2691, 901, 896, 3604, 1822, 5334, 1820, 3598]
ChIJf9_UcTvI5zsR9yUuNZaHvSI	[19.116504, 72.86832129999999]	[1499659955, 1500297760, 1505449996, 1506070561, 1506080455, 1506091295, 1506346599, 1506604353, 1506607969, 1507008862, 1507093272, 1507182046, 1507895232, 1507903397, 1507905211, 1507906970, 1508246638, 1510320674]	[3713, 3944, 1799, 6293, 3633, 906, 2704, 931, 891, 900, 6308, 910, 912, 902, 871, 1761, 1821, 1799]
ChIJpSJcdjvI5zsR-LizmGJsnVU	[19.115934, 72.868275]	[1501654962, 1506068756, 1506075954, 1506081363, 1506602545, 1507007963, 1507181147, 1507905211]	[3815, 904, 900, 1843, 5424, 2706, 899, 4421]
ChIJH40_lzvI5zsRjaXDHwR49EE	[19.1146384, 72.8681292]	[1490974002, 1497501855, 1497527873, 1497586668, 1497594064, 1497616261, 1497963675, 1498135523, 1498213578, 1498539419, 1498565778, 1498626160, 1498637572, 1498712927, 1498731739, 1498796016, 1498822312, 1499056338, 1499086004, 1499145363, 1499171527, 1499231979, 1499258203, 1499434313, 1499667379, 1499953364, 1500271188, 1500358361, 1500446114, 1500461311, 1500525457, 1500540774, 1500551984, 1500613378, 1500624870, 1500643660, 1500875876, 1500959103, 1500974330, 1501052592, 1501071349, 1501133183, 1501219705, 1501234741, 1501245975, 1501310842, 1501482956, 1501501593, 1501562652, 1501647385, 1501681312, 1501734816, 1501825397, 1502166186, 1502281776, 1502341623, 1502368203, 1502429086, 1502440444, 1502455466, 1502941098, 1503032660, 1503289951, 1503305177, 1503316345, 1503374543, 1503404750, 1503412730, 1503462179, 1503484952, 1503552555, 1503571774, 1505303679, 1505370066, 1505461698, 1505710265, 1505823983, 1505825788, 1505972205, 1505978520, 1505981211, 1505982991, 1505987490, 1505995167, 1505996975, 1506055264, 1506156059, 1506315077, 1506337561, 1506342080, 1506351091, 1506399131, 1506414426, 1506416237, 1506427934, 1506434271, 1506488142, 1506502543, 1506520576, 1506573720, 1506579133, 1506582730, 1506585449, 1506599828, 1506664392, 1506685999, 1506688705, 1507007064, 1507014275, 1507090569, 1507098677, 1507107665, 1507116671, 1507123887, 1507178444, 1507901595, 1510318870]	[3785, 7504, 3719, 3696, 3742, 7557, 3850, 3856, 11157, 3785, 7703, 3793, 22878, 15110, 11202, 3747, 7676, 11144, 7642, 3740, 3871, 3758, 7712, 3810, 3729, 3876, 7552, 7765, 3924, 11484, 11593, 3738, 7735, 3864, 14925, 7753, 3769, 11447, 3724, 7536, 3904, 7553, 11323, 3738, 3837, 3816, 3778, 3741, 7556, 11392, 3961, 15003, 3757, 15034, 3817, 3778, 3912, 3785, 7436, 11471, 3668, 7567, 11391, 3734, 7723, 15109, 3937, 3947, 15253, 9478, 3842, 3876, 1799, 1801, 901, 5418, 906, 911, 5397, 902, 896, 1789, 2700, 915, 3659, 28824, 903, 8100, 3611, 8107, 892, 14399, 902, 3598, 5437, 895, 11703, 1804, 903, 4508, 2718, 916, 885, 13503, 5413, 1806, 6324, 6308, 4483, 7205, 8092, 3601, 6311, 908, 5406, 7136, 3603]
ChIJWUKL2TvI5zsRXj-BPN6olk8	[19.1131119, 72.8671518]	[1487930574, 1488256641, 1488371265, 1488774858, 1488864057, 1488883292, 1488949952, 1489035116, 1489466667, 1489492758, 1489555476, 1489581947, 1489641129, 1489663704, 1489679589, 1489727169, 1489746380, 1489987881, 1490014099, 1490072881, 1490095427, 1490158904, 1490189168, 1490331423, 1490590728, 1490618029, 1490762693, 1490848848, 1490942889, 1490970037, 1491227898, 1491309033, 1491368315, 1491453826, 1491542948, 1491565890, 1491799591, 1491915312, 1491974643, 1491993603, 1492005124, 1492095522, 1492429068, 1492492251, 1492518766, 1492577959, 1492600628, 1492663682, 1492761023, 1492775934, 1492787804, 1492858241, 1493122254, 1493211601, 1493356578, 1493379409, 1493702504, 1493872960, 1493980954, 1494329347, 1494411518, 1494825232, 1495025193, 1495171533, 1495197846, 1496215413, 1496293448, 1496319629, 1496404650, 1496747470, 1496841452, 1496900210]	[3806, 3845, 3947, 3817, 3793, 3769, 3800, 3772, 3772, 3814, 3892, 3970, 3862, 3793, 3810, 7774, 3783, 3850, 7710, 7598, 3734, 3889, 3901, 3909, 3854, 3969, 7650, 3870, 3839, 7750, 3894, 3911, 3822, 11479, 7748, 3884, 7627, 3990, 11423, 3784, 3924, 3857, 3819, 3877, 3833, 7651, 11495, 3834, 3760, 3859, 3850, 3752, 7731, 3894, 7658, 7828, 3828, 3796, 7610, 11715, 7490, 7534, 3985, 3765, 3925, 7470, 3733, 3910, 3820, 7719, 3822, 7401]
ChIJ34pqsTaw5zsRar6tpdipUaQ	[19.2953639, 72.8585949]	[1488604180, 1488697397, 1488708474, 1488723700, 1488871619, 1488972547, 1489828927]	[3825, 3704, 7472, 3849, 3710, 3769, 3775]
ChIJkT9ixzaw5zsRAH_cBkWeW6w	[19.2950448, 72.858946]	[1488604181, 1488697397, 1488708474, 1488723700, 1488871619, 1488972547, 1489828929]	[3824, 3704, 7472, 3849, 3710, 3769, 3773]
ChIJhTwLwjaw5zsRnp4sCiBl9bs	[19.2946026, 72.8593984]	[1488604182, 1488638744, 1488689947, 1488799432, 1488809117, 1488867855, 1488883293, 1488949956, 1488976316, 1489817366, 1489828929]	[3823, 3901, 44989, 799, 3887, 7474, 11645, 15129, 3847, 7748, 7554]
ChIJi4BN5Daw5zsRav-Dq7jAisU	[19.2941448, 72.859878]	[1488604183, 1488623164, 1488638744, 1488689947, 1488778699, 1488799432, 1488809117, 1488864064, 1488883293, 1488949956, 1488972547, 1489629961, 1489641101, 1489731031, 1489817366, 1489848217, 1490339412, 1490367740]	[7654, 11569, 3901, 44989, 3790, 5684, 3887, 11265, 15497, 18852, 11454, 3756, 3871, 7726, 22928, 7749, 3816, 3823]
ChIJpcWeADew5zsRt8Q9jRvf8BU	[19.2933621, 72.8606731]	[1488608005, 1488697397, 1488708474, 1488782489, 1488799432, 1488809117, 1488867855, 1488887063, 1488894938, 1488949956, 1488968808, 1489061158, 1489239981, 1489415751, 1489492752, 1489629961, 1489641101, 1489727138, 1489742570, 1489762118, 1489813534, 1489825114, 1489848217, 1489932964, 1490193361, 1490335526, 1490367740, 1490427010, 1490442339, 1505568214, 1508678696]	[3833, 7396, 22795, 3763, 5685, 3887, 3764, 3931, 3852, 11333, 15193, 3756, 3959, 3679, 7637, 3756, 11437, 11619, 11473, 7717, 3833, 19098, 7749, 3863, 3877, 7703, 3823, 3902, 3932, 3631, 2693]
ChIJ00nl-zew5zsRa7tj-Gpa0eg	[19.2910875, 72.8629974]	[1489295084]	[11084]
ChIJ6QgD_Eew5zsRc6OiX91ID8E	[19.2903246, 72.863731]	[1489932965]	[3862]
ChIJz9wa70ew5zsRq3S1SjCv5ak	[19.2898345, 72.86420249999999]	[1489929148]	[7679]
ChIJL954v0ew5zsRJ6AuwqbXqQs	[19.2891946, 72.86483179999999]	[1487863905, 1489921710, 1490535459, 1490594406, 1497250105, 1502546133, 1503752980, 1504178468, 1504363668, 1505023299, 1505049405, 1505051205, 1506143468, 1506175006, 1506599828, 1506953296, 1507179362, 1507705138, 1508141202, 1508491764, 1508679597, 1509194319, 1509283073, 1509889102, 1509969141, 1510060629, 1510407900, 1510549190]	[3968, 15117, 3933, 7708, 1, 3868, 11575, 2697, 902, 3595, 908, 2701, 6323, 1801, 904, 909, 3626, 3602, 2699, 2698, 896, 2739, 1808, 1803, 3628, 1801, 6291, 10812]
ChIJAdlbrEew5zsRFJMmKw97hoc	[19.2882703, 72.86577609999999]	[1487863905]	[3969]
ChIJx2-A-Uaw5zsRUD-XTuUE8-o	[19.28759519999999, 72.8666709]	[1487863905, 1493566482, 1493817448, 1497198895, 1497531604, 1497590372, 1497601514, 1497937432, 1499430514, 1503749112, 1504450936, 1506867060, 1507122106, 1507123914, 1507390540, 1507471376, 1507902398, 1507990042, 1508510673, 1509113334, 1509118705, 1509891804]	[3969, 3735, 3862, 78, 3716, 3701, 3669, 7578, 3839, 7800, 891, 885, 899, 906, 898, 6266, 904, 896, 2695, 896, 1781, 3594]
ChIJb43y7kaw5zsRokpIAusnqJo	[19.2872173, 72.86722329999999]	[1498728071, 1501953470]	[3707, 3674]
ChIJRfnQ6kaw5zsR7ue-jKEQ18g	[19.2868923, 72.8676598]	[1507878089, 1507902398]	[898, 904]
ChIJLTGkukaw5zsReSE-mPSdgX0	[19.2862338, 72.86854579999999]	[1491748323, 1496501025, 1498143302, 1502617221, 1503416803, 1504272697, 1504362778, 1504964074, 1504966783, 1505486204, 1505655663, 1506581851, 1506670700, 1506835519, 1506924471, 1506961363, 1507126630, 1507356341, 1507381569, 1507385166, 1507469598, 1507877184, 1507902398, 1507989137, 1507998123, 1508341872, 1508685888, 1509197970, 1509278557, 1509886400, 1510117315, 1510121814, 1510128116, 1510211321, 1510230221, 1510407900, 1510409699]	[3889, 3773, 3765, 3663, 3753, 1811, 890, 1807, 889, 1773, 892, 2706, 892, 2700, 2701, 897, 1780, 899, 2716, 2708, 3572, 1803, 904, 1801, 2691, 895, 897, 1772, 1799, 1804, 2699, 5400, 897, 3596, 2701, 900, 1795]
ChIJu2xqq0aw5zsRjx00nVNJfbk	[19.2857501, 72.86918349999999]	[1504969473, 1505823059, 1506960467, 1507637703, 1507999020, 1509894500]	[3580, 3640, 896, 2707, 1794, 2697]
ChIJo8jVVEGw5zsRnm1ohogSHu0	[19.2856646, 72.8693126]	[1507637704]	[2706]
ChIJo9PW8kKw5zsRYev3ZHldkmA	[19.282506, 72.8736673]	[1503588146]	[3914]
ChIJ-0AZokKw5zsRker_551DqWM	[19.2817011, 72.8747454]	[1499001058, 1506005099, 1508000814, 1508053609, 1508071607, 1508074318]	[3772, 892, 903, 3596, 908, 904]
ChIJp_aozmew5zsRsgNTa2856rU	[19.27954669999999, 72.8777317]	[1502002128, 1506147971]	[3719, 3614]
ChIJT09rT2aw5zsRdnULDXrYbec	[19.2787435, 72.8787985]	[1488715946, 1492951163, 1493469667, 1493817448, 1496489395, 1496990293, 1497016195]	[3828, 7751, 3927, 3862, 3802, 1, 1]
ChIJgaM9D2Sw5zsRhtS8YPMqs2k	[19.2756598, 72.88192839999999]	[1492343241, 1494676293]	[3768, 11749]
ChIJjUQf7GOw5zsRDhLFq5jc6Dc	[19.274241, 72.88207229999999]	[1492064041, 1492343241, 1492951163, 1493462078, 1494676294, 1494762042]	[3789, 7699, 3829, 3772, 11748, 3763]
ChIJXxgvtmOw5zsRbf72TOG00MA	[19.2729011, 72.8825947]	[1492064041, 1492233710, 1492339534, 1492839196, 1492865936, 1493207912, 1493462078, 1494672433, 1494762042, 1495025195]	[3789, 3903, 11406, 3862, 3983, 3857, 7589, 15609, 3763, 3985]
ChIJZZ1Kue6w5zsR1mOsv-VHhRk	[19.2519561, 72.8680713]	[1504014827]	[1733]
ChIJg0m6leyw5zsRC8twgYdBuVM	[19.252624, 72.87356869999999]	[1504629424, 1508417714, 1510205914]	[1794, 904, 900]
ChIJIUoYmeyw5zsRn1GbyI5E5NY	[19.2518641, 72.8735152]	[1510557297]	[903]
ChIJ55RKb-uw5zsRXLhZoVqXwc0	[19.2505585, 72.8733547]	[1504018365, 1504958708, 1507138264, 1508147498]	[1783, 936, 1798, 902]
ChIJEwn1EOuw5zsR4em4gCBOkWk	[19.2493283, 72.87312539999999]	[1504018366, 1506754813]	[2656, 902]
ChIJz7OZxivI5zsRPAFgw_jL9Lo	[19.1251515, 72.85631219999999]	[1487946325, 1488891107, 1489154545, 1490193058, 1490454012, 1491375928, 1491398522, 1491461467, 1491569706, 1491629106, 1491833392, 1492004883, 1492346924, 1492600655, 1492783905, 1493270817, 1493297166, 1496241968, 1496508517, 1496841327, 1497098468, 1497202564]	[3862, 7753, 3829, 3998, 3961, 3818, 3922, 3805, 3990, 3824, 3952, 3933, 3822, 3749, 3971, 3794, 3964, 3826, 3681, 136, 1, 34]
ChIJf5NOMvq45zsRQxb1haTiuBM	[19.1753538, 72.95286519999999]	[1492869851, 1497679085, 1503564101, 1504273643, 1504361008, 1504530727, 1505546615, 1505657463, 1505715683, 1506171398, 1506259603, 1506866148, 1506950598, 1506952401, 1507381558, 1507558261, 1507899691, 1507991831, 1508077910, 1508158364, 1508245771, 1509198863, 1509712232, 1509775354, 1509977307, 1510317971]	[3974, 3707, 3809, 928, 930, 901, 907, 904, 895, 907, 904, 912, 901, 3593, 902, 1796, 902, 2694, 1795, 8095, 2730, 879, 900, 3603, 1764, 2703]
ChIJ6-veZ_q45zsRcwTgZsnlS2U	[19.1741566, 72.95421619999999]	[1490797300, 1491398477, 1492869851, 1493536413]	[3901, 3915, 3974, 3715]
ChIJVSzzbN7J5zsR-piCpaolTZg	[19.1217441, 72.8295175]	[1507009785, 1507270914, 1508250355, 1510407002]	[3597, 2707, 881, 4493]
ChIJI8CyIDG25zsR4wwMVXfm1-A	[19.1438873, 72.84275099999999]	[1497187438]	[1]
ChIJGYHK2zC25zsRrf8xQYZCsWc	[19.1439652, 72.84221180000002]	[1488205233, 1504007757, 1504274489, 1504277171, 1505570013, 1505741821, 1505831184, 1506782739, 1507218955, 1509716735, 1509973720, 1509975497, 1510214017, 1510317067, 1510379087, 1510558200, 1510563600, 1510583395]	[3936, 1361, 1791, 3594, 901, 904, 957, 901, 1790, 901, 878, 2680, 900, 4508, 903, 1802, 887, 1796]
ChIJF9uKsDC25zsRryq8yBNyjLE	[19.1441972, 72.8406339]	[1496140523, 1496841306, 1499171481, 1499693532, 1502028166, 1502887426, 1503063274, 1504106120, 1504191074, 1504265464, 1504270886, 1504619526, 1504790418, 1504873107, 1505115581, 1505207432, 1505220947, 1505289317, 1505481707, 1505721086, 1505739096, 1505740897, 1505832141, 1505974901, 1505996082, 1506084088, 1506090403, 1506176807, 1506258696, 1506426125, 1506432477, 1506515156, 1506600732, 1506667998, 1506689619, 1506781831, 1507035897, 1507039517, 1507212761, 1507218955, 1507813787, 1508156530, 1508243018, 1508331131, 1508418642, 1508832935, 1508853715, 1509886405, 1509890004, 1509975497, 1510057921, 1510142512, 1510212217, 1510225716, 1510227519, 1510232023, 1510245511, 1510290963, 1510299963, 1510309861, 1510311662, 1510323374, 1510377288, 1510386291, 1510397990, 1510409700, 1510489648, 1510493252, 1510504045, 1510555492, 1510567186, 1510573496, 1510587886, 1510643190, 1510655785, 1510673786]	[3841, 152, 7774, 3839, 3851, 3906, 3987, 1791, 3591, 4507, 18865, 888, 2709, 985, 860, 891, 5429, 894, 8039, 893, 905, 1828, 5325, 1810, 1811, 3641, 1798, 3571, 4513, 1809, 3587, 7206, 902, 906, 5410, 1809, 886, 3565, 1765, 1790, 4389, 5453, 10796, 4515, 898, 1799, 2653, 1800, 901, 3574, 8101, 8111, 2700, 899, 3599, 7196, 899, 7205, 900, 901, 9913, 4490, 3601, 1801, 7211, 8985, 1804, 3602, 2698, 10794, 2703, 11696, 900, 2706, 10811, 2697]
ChIJLy-yETq25zsRQEJa6kUb3h8	[19.1437374, 72.8388222]	[1500823791, 1500875874, 1500898267, 1500966708, 1500989307, 1501136939, 1501163363, 1501219702, 1501333460, 1501505352, 1501570226, 1501764797, 1501848433, 1501856335, 1502024348, 1502281807, 1502455541, 1502542412, 1502801104, 1502887426, 1502982812, 1503063275, 1503316404, 1503328340, 1503404904, 1503488778, 1503752981, 1503923254, 1504104318, 1504185669, 1504190173, 1504266364, 1504449124, 1504523520, 1504528041, 1504531665, 1504700752, 1504706202, 1504759789, 1504766995, 1504769705, 1504786799, 1504790418, 1504796704, 1504799380, 1504852406, 1504855100, 1504872201, 1504882336, 1504942504, 1504957772, 1504962301, 1505047605, 1505053052, 1505054833, 1505111043, 1505133570, 1505199360, 1505202946, 1505215531, 1505229071, 1505286622, 1505302823, 1505307346, 1505390787, 1505401650, 1505403423, 1505475380, 1505478050, 1505565483, 1505569097, 1505651119, 1505656534, 1505721086, 1505737295, 1505829433, 1505968596, 1505972205, 1505976711, 1505978520, 1505994139, 1505995167, 1506003310, 1506080456, 1506166879, 1506257792, 1506342080, 1506344788, 1506351091, 1506355563, 1506405436, 1506423422, 1506427934, 1506429749, 1506514250, 1506516953, 1506599828, 1506685097, 1506755715, 1506774619, 1506778232, 1506785434, 1506868851, 1506948776, 1506950593, 1507010689, 1507016083, 1507034077, 1507098692, 1507117584, 1507122096, 1507207274, 1507209096, 1507219851, 1507265507, 1507274516, 1507287102, 1507381554, 1507466848, 1507525924, 1507530423, 1507548401, 1507698893, 1507704307, 1507707009, 1507723206, 1507727805, 1507791962, 1507809063, 1507817277, 1507870936, 1507891632, 1507900715, 1508070765, 1508152917, 1508216895, 1508222300, 1508240307, 1508249358, 1508259179, 1508318484, 1508327512, 1508411425, 1508504404, 1508506223, 1508512498, 1508588235, 1508591855, 1508676018, 1508678729, 1508764212, 1508774077, 1508775873, 1508832041, 1508852787, 1508937209, 1509107005, 1509112427, 1509202430, 1509282175, 1509368466, 1509377460, 1509714031, 1509796958, 1509885500, 1509896296, 1509969141, 1510034522, 1510057020, 1510125415, 1510138911, 1510156011, 1510160507, 1510202314, 1510207715, 1510212217, 1510215818, 1510223016, 1510226615, 1510288262, 1510294563, 1510309861, 1510326965, 1510328763, 1510333257, 1510398890, 1510412395, 1510419585, 1510487847, 1510492351, 1510494154, 1510560002, 1510570787, 1510575291, 1510578896, 1510588786, 1510635086, 1510637787, 1510644089, 1510661188]	[7405, 3765, 7565, 3839, 3848, 3788, 3873, 7575, 3847, 11655, 3854, 3888, 3899, 7665, 15175, 7633, 3855, 3835, 7625, 3906, 7596, 7838, 3851, 3789, 3998, 5745, 3934, 3958, 5394, 2708, 9951, 24286, 2698, 2705, 1807, 4524, 4550, 3590, 1791, 891, 2667, 2740, 4507, 1785, 902, 893, 905, 6467, 903, 1799, 3626, 2727, 4535, 890, 1789, 7195, 3665, 2718, 5377, 12628, 1770, 2695, 2702, 9870, 7343, 896, 888, 867, 12587, 2707, 4495, 4525, 3599, 893, 9008, 887, 2704, 3596, 891, 902, 136, 6350, 1790, 13521, 14396, 7200, 899, 4515, 892, 3597, 899, 3605, 906, 3622, 1804, 4526, 1806, 9034, 1792, 2711, 6300, 2689, 897, 900, 6291, 895, 904, 7211, 3606, 3617, 8107, 895, 4531, 3587, 1804, 900, 2728, 899, 917, 1792, 2696, 9063, 2697, 897, 901, 2719, 5383, 904, 7402, 3522, 2706, 8175, 1824, 9007, 17108, 2714, 4500, 5441, 6245, 898, 2702, 13495, 11703, 899, 3591, 1784, 2698, 2683, 1819, 1801, 2709, 899, 891, 2693, 2689, 1796, 4531, 3587, 1780, 898, 3601, 1798, 3605, 6306, 1801, 2699, 9036, 3599, 9002, 1799, 13505, 2697, 899, 3600, 900, 2700, 901, 2700, 21594, 5401, 7199, 16207, 899, 2696, 899, 12605, 3593, 898, 2703, 901, 10790, 3598, 3608, 1804, 3598, 1798, 900, 2701, 1807, 15295]
ChIJlVr1Nzq25zsR6E1jzDMRmYc	[19.1431192, 72.8375085]	[1503839665, 1503923254, 1503931195, 1504103419, 1504107911, 1504182059, 1504185669, 1504251064, 1504265464, 1504360960, 1504447331, 1504452725, 1504521717, 1504527149, 1504530757, 1504532589, 1504539742, 1504543320, 1504700752, 1504706202, 1504714246, 1504759789, 1504768800, 1504788612, 1504797598, 1504855100, 1504872201, 1504874092, 1504877775, 1504879732, 1504887457, 1504889193, 1504940694, 1504956889, 1504963213, 1505053052, 1505109246, 1505117342, 1505199360, 1505219140, 1505221871, 1505226376, 1505229071, 1505230841, 1505282115, 1505287532, 1505302823, 1505307347, 1505310963, 1505364697, 1505388085, 1505394427, 1505398130, 1505476247, 1505478966, 1505482585, 1505566397, 1505569097, 1505652023, 1505737295, 1505817635, 1505825788, 1505830320, 1505914614, 1505972205, 1505995167, 1506063383, 1506082271, 1506087729, 1506093977, 1506143468, 1506166880, 1506256894, 1506322278, 1506324990, 1506342080, 1506344788, 1506405436, 1506429749, 1506487247, 1506497149, 1506514250, 1506598915, 1506605285, 1506666192, 1506685098, 1506687805, 1506755715, 1506771906, 1506781831, 1506952393, 1506954193, 1507006180, 1507016083, 1507017870, 1507031367, 1507034975, 1507038598, 1507045773, 1507095086, 1507101389, 1507115776, 1507125725, 1507178451, 1507208169, 1507210119, 1507219851, 1507264605, 1507274516, 1507287102, 1507292519, 1507351804, 1507377029, 1507378833, 1507465946, 1507524110, 1507526807, 1507551120, 1507552924, 1507556560, 1507562809, 1507633247, 1507697991, 1507726905, 1507783856, 1507810895, 1507817277, 1507868217, 1507870936, 1507872750, 1507900715, 1508077102, 1508153820, 1508158348, 1508161079, 1508163773, 1508216005, 1508217810, 1508224108, 1508243019, 1508245748, 1508318484, 1508327512, 1508332948, 1508340114, 1508341898, 1508345477, 1508411425, 1508415929, 1508588235, 1508677837, 1508679637, 1508764212, 1508767798, 1508832041, 1508850077, 1508851891, 1508938106, 1508947045, 1509022405, 1509026919, 1509107897, 1509109717, 1509453363, 1509467758, 1509539222, 1509541929, 1509626409, 1509694228, 1509716735, 1509802365, 1509807761, 1509885500, 1509943942, 1509952056, 1509971873, 1510037221, 1510057020, 1510125416, 1510138911, 1510151518, 1510154214, 1510157808, 1510202314, 1510205914, 1510207715, 1510213118, 1510231118, 1510240119, 1510242815, 1510244611, 1510317971, 1510403394, 1510492351, 1510562688, 1510582494, 1510635086, 1510663896, 1510665700, 1510672887]	[3852, 3958, 3983, 3597, 1801, 908, 12586, 898, 19793, 2699, 908, 1792, 909, 892, 908, 5381, 2689, 904, 1817, 2703, 885, 1791, 2692, 6313, 891, 905, 906, 1112, 893, 3507, 851, 888, 2713, 883, 3622, 890, 7195, 896, 1795, 903, 3618, 882, 886, 889, 3601, 893, 2702, 2732, 8037, 902, 2702, 2765, 6181, 1803, 2741, 8052, 1793, 1817, 3621, 9008, 902, 3646, 1821, 913, 3596, 8143, 891, 3658, 5354, 1791, 886, 9927, 5413, 1804, 1794, 899, 8987, 899, 4522, 895, 2696, 8112, 1817, 1774, 914, 901, 6326, 1792, 5424, 2701, 893, 899, 1800, 904, 904, 1806, 2747, 2690, 890, 3606, 909, 3604, 4478, 906, 927, 2642, 894, 1802, 900, 2728, 2721, 910, 901, 904, 1819, 1814, 909, 902, 2718, 904, 897, 2707, 1808, 6283, 900, 5570, 1775, 1806, 910, 892, 2722, 892, 927, 1821, 904, 3565, 890, 1799, 905, 904, 8959, 1809, 3619, 6279, 893, 1791, 896, 1806, 6305, 6303, 892, 893, 2709, 917, 2693, 904, 2681, 899, 921, 1816, 3569, 907, 6297, 9000, 898, 1802, 5394, 2575, 900, 901, 1801, 898, 4504, 901, 1804, 8078, 900, 9002, 1798, 10812, 898, 1797, 900, 2700, 900, 900, 899, 8101, 1796, 898, 1799, 4502, 2704, 2702, 912, 901, 900, 901, 3598, 1798]
ChIJywcNfzm25zsRJF1CdVdWJaY	[19.1446195, 72.8366655]	[1504187466, 1506427934, 1507219852, 1508911075]	[911, 906, 893, 1779]
ChIJFdYbdjm25zsRgo0_XGBzYEY	[19.1454181, 72.83682050000002]	[1506784533, 1508909248, 1508911075, 1509969143, 1510057020]	[901, 922, 902, 904, 1804]
ChIJ7fw3Cjm25zsR-vKNk_aksZQ	[19.1460979, 72.8366367]	[1487934282, 1488027489, 1488174871, 1488190083, 1488268111, 1488348980, 1488438273, 1488604076, 1488786203, 1488867765, 1488883239, 1488890815, 1488953679, 1489821162, 1489910647, 1490006700, 1490430849, 1490594578, 1490681667, 1490702456, 1490762687, 1490856539, 1490867891, 1490958041, 1491036679, 1491227713, 1491305173, 1491406254, 1491569613, 1491629064, 1491644329, 1491892664, 1491923139, 1491997319, 1492075377, 1492158222, 1492165724, 1492339511, 1493122382, 1493211758, 1493356734, 1493379521, 1493791203, 1493798939, 1493977227, 1493988545, 1494139864, 1494241904, 1494400413, 1494415255, 1494564807, 1494739706, 1494847657, 1494916598, 1494924104, 1494939049, 1495037131, 1495280427, 1496136727, 1496222795, 1496319474, 1496724513, 1496826606]	[3835, 3891, 3886, 3699, 14828, 3746, 7418, 3823, 3777, 3792, 3726, 7866, 3777, 3877, 3692, 3708, 3818, 3856, 3746, 3884, 3853, 3828, 7816, 3807, 7449, 3938, 3736, 3817, 3920, 3779, 7509, 3804, 3898, 3804, 3894, 3749, 3808, 3708, 3862, 3952, 3820, 3911, 3907, 3712, 7477, 3924, 3902, 3984, 7408, 3779, 3755, 3735, 3982, 3754, 3716, 3965, 3844, 3940, 3796, 7448, 7731, 3845, 3725]
ChIJ0a-nCTm25zsRpps8QK_19hg	[19.146328, 72.8365992]	[1496944945, 1505568190, 1507011584, 1507209096, 1507897058, 1508919144, 1509259646, 1509355873, 1509978178, 1510220313, 1510554598]	[55, 2724, 1798, 2739, 2749, 1806, 2696, 1784, 5342, 2703, 2699]
ChIJi6KGCDm25zsRYn2JS3XBIu4	[19.146512, 72.8365721]	[1493126245, 1493305255]	[3966, 3894]
ChIJzSYt-ji25zsRKDgh75i66uw	[19.14779339999999, 72.8363864]	[1487949985, 1488027489, 1488197487, 1488286647, 1488453100, 1488541070, 1488552823, 1488634566, 1488723700, 1488778699, 1488799342, 1488808920, 1488863972, 1488886965, 1488953679, 1488972481, 1488980041, 1489035025, 1489474124, 1489485299, 1489496478, 1489581849, 1489641008, 1489852093, 1490014207, 1490072976, 1490095485, 1490244744, 1490614189, 1490626671, 1490715069, 1490781590, 1490883687, 1490970019, 1491227713, 1491312785, 1491398449, 1491491718, 1491542810, 1491565768, 1491577632, 1491892664, 1491923139, 1491997319, 1492146828, 1492173389, 1492518776, 1492526622, 1492608208, 1493017848, 1493044691, 1493122382, 1493189246, 1493215710, 1493297215, 1493305255, 1493391621, 1493821533, 1496497048, 1496660885, 1496736109, 1496845182, 1496922257]	[3830, 3891, 11682, 7622, 3765, 7732, 3884, 3952, 7569, 11281, 1781, 11487, 3793, 3850, 3777, 3747, 3840, 3793, 3761, 3685, 3840, 7872, 3893, 3819, 7701, 3799, 7682, 3797, 7797, 3852, 3772, 7586, 3850, 7765, 7812, 3914, 3892, 3779, 3876, 7765, 3993, 3804, 3898, 3804, 3785, 3988, 3845, 3883, 3942, 3749, 7613, 19187, 3794, 7702, 3978, 3894, 3899, 3889, 3939, 3877, 3797, 3787, 1]
ChIJBXCPb0e25zsRlO5dSG9soBY	[19.1507895, 72.835894]	[1504185670, 1504188377, 1504274489]	[1796, 2697, 5383]
ChIJzfAybEe25zsRKpcv8bvZEvE	[19.1511585, 72.83582179999999]	[1491833501, 1493130211, 1493137869, 1493992470, 1497016229]	[3942, 3892, 3700, 3960, 3750]
ChIJg0xRbEe25zsR32DvGoabNKs	[19.1512825, 72.8357987]	[1488544853, 1488723700, 1489154325, 1491569613, 1491577632, 1491833501, 1492095355, 1493044692, 1493126245, 1493219599, 1493297215, 1493305255, 1493821533, 1493988545, 1494337047, 1494422845, 1494590940, 1496237914, 1496841306]	[3949, 3852, 3883, 3920, 3993, 3942, 3941, 7612, 15324, 3813, 3978, 3894, 3889, 11753, 3978, 3890, 3854, 7821, 3876]
ChIJWdHMbEe25zsRbxLPBi0MDoY	[19.1514923, 72.8357673]	[1488544853, 1488723700, 1489154325, 1491577632, 1491833501, 1492095355, 1493044692, 1493126245, 1493219599, 1493297215, 1493305256, 1493821534, 1493988545, 1494337047, 1494422845, 1494590940, 1496237914, 1496323299, 1496841306]	[3949, 3852, 3883, 3993, 3942, 3941, 7612, 11624, 3813, 3978, 3893, 3888, 11753, 3979, 3890, 3854, 7821, 3907, 3876]
ChIJRWnmE0e25zsRifRpDEB37Mo	[19.1518077, 72.8357261]	[1488544854, 1488723700, 1489154325, 1491569613, 1491577632, 1491833501, 1492095356, 1493044692, 1493126245, 1493211758, 1493219599, 1493297215, 1493305256, 1493821534, 1493988545, 1494337048, 1494422845, 1494590940, 1496237914, 1496841306]	[3948, 3852, 3883, 3920, 3993, 3942, 3940, 7612, 15324, 3952, 3813, 3978, 3893, 3888, 11753, 3980, 3890, 3854, 7821, 3876]
ChIJf-vOEEe25zsRg_TWkA6cNpQ	[19.152079, 72.8356908]	[1488544856, 1488723700, 1489154325, 1491577632, 1491833501, 1492095357, 1493044692, 1493126245, 1493219599, 1493297215, 1493305256, 1493821534, 1493988545, 1494422845, 1494590940, 1496237914, 1496841306]	[3946, 3852, 3883, 3993, 3942, 3939, 7612, 11624, 3813, 3978, 3893, 3888, 11753, 3890, 3855, 7821, 3877]
ChIJy8SQHke25zsRwdYjjKpIMbs	[19.1526429, 72.8356001]	[1488723700, 1489150472, 1491312787, 1491569613, 1492951126, 1493044692, 1493122382, 1493211758, 1493297215, 1493305256, 1493817603, 1493988545, 1494254099, 1494341029, 1494422846, 1494590940, 1495288319, 1496237914, 1496323299, 1496660885, 1496841306]	[3852, 7736, 3912, 3920, 7730, 7612, 15487, 11654, 3978, 7655, 7819, 11753, 3998, 3926, 3889, 3855, 3970, 7821, 3907, 7813, 7663]
ChIJ_5cm4Ua25zsR83JjXRDlmYg	[19.1532023, 72.8355081]	[1488371290, 1488544856, 1488634566, 1489150472, 1489585783, 1490189295, 1490618024, 1490626672, 1490805035, 1491227714, 1491312787, 1491569613, 1491833502, 1492095357, 1492173389, 1492943676, 1493044692, 1493122382, 1493207909, 1493297215, 1493305256, 1493817603, 1493988545, 1494254099, 1494337048, 1494426735, 1495288319, 1496237914, 1496404551, 1496660885, 1496841306, 1496845182, 1496925940]	[3953, 3947, 3952, 7736, 3938, 7885, 3968, 3851, 3692, 3937, 3912, 3920, 3941, 3939, 3990, 15180, 7612, 15488, 15503, 3978, 7655, 7820, 15511, 7854, 7907, 3943, 3970, 11641, 3752, 7813, 152, 3787, 3721]
ChIJhT6y50a25zsRT9V47ChP9oA	[19.1534906, 72.8354666]	[1488371290, 1488544857, 1488634567, 1489150473, 1489496478, 1489585783, 1490189295, 1490618024, 1490626673, 1490805036, 1491227715, 1491312787, 1491569613, 1491833502, 1492173389, 1492943676, 1493044693, 1493122382, 1493207909, 1493297215, 1493305256, 1493817603, 1493988545, 1494254100, 1494337048, 1494426735, 1495288319, 1496237914, 1496660885, 1496841306]	[3953, 3946, 3951, 7735, 3840, 3938, 7885, 3968, 3850, 3691, 3936, 3912, 3920, 3941, 3990, 15180, 3892, 15488, 15503, 3978, 7655, 7821, 15511, 7854, 7907, 3944, 3970, 11641, 7814, 7663]
ChIJhZGF6Ua25zsR27k6toGR0Lg	[19.1540018, 72.8353905]	[1488371290, 1488544858, 1488634567, 1489150474, 1489585783, 1490189295, 1490618024, 1490626673, 1490805036, 1491227716, 1491312787, 1491569613, 1491829589, 1492173389, 1492943676, 1493044693, 1493122382, 1493207909, 1493297215, 1493305256, 1493817603, 1493988545, 1494254100, 1494337048, 1494426735, 1495288319, 1496237914, 1496404551, 1496660885, 1496841306]	[3953, 3945, 3951, 7734, 3938, 7885, 3969, 3850, 3691, 3935, 3912, 3920, 3914, 3990, 15180, 3892, 15488, 15503, 3979, 7655, 7823, 15511, 3998, 7907, 3945, 3971, 11641, 3753, 7815, 7662]
ChIJcfOkoka25zsRxfukNJzE8QA	[19.1550635, 72.835246]	[1488371290, 1488630641, 1488890815, 1488983881, 1489146718, 1489239779, 1489492700, 1489500318, 1489581849, 1490618025, 1490626673, 1490801202, 1490970020, 1491312787, 1491569613, 1491829589, 1492095357, 1492173389, 1492943677, 1493044693, 1493118573, 1493181623, 1493207909, 1493293375, 1493305256, 1493643561, 1493817603, 1493988545, 1494254100, 1494333142, 1494603979, 1495201567, 1495288319, 1496152213, 1496237914, 1496323299, 1496412127, 1496497048, 1496664762, 1496841306, 1496929661]	[3953, 7877, 7866, 3832, 11490, 3977, 3778, 3876, 3934, 3969, 3851, 3834, 3975, 7900, 3920, 3914, 7728, 3990, 19044, 7611, 22996, 3804, 11694, 7820, 7655, 7703, 7824, 15511, 7855, 11813, 3972, 3919, 3971, 3969, 7821, 3907, 3750, 3939, 3940, 3877, 3734]
ChIJHViuH0S25zsRZQmkF1bewoY	[19.1558767, 72.8351254]	[1488197487, 1488371290, 1488890815, 1489154326, 1489492700, 1490618025, 1491569613, 1491659472, 1491829589, 1492940002, 1493044693, 1493122383, 1493181624, 1493207909, 1493293375, 1493305256, 1493558727, 1493643561, 1493821534, 1493984704, 1494254100, 1494333143, 1494392829, 1494590940, 1494603979, 1494683992, 1494943015, 1495201568, 1495288319, 1496072656, 1496152213, 1496234036, 1496319474, 1496404551, 1496493137, 1496660885, 1496672738, 1496837711, 1496925940, 1497008770]	[3814, 3953, 3986, 3882, 3778, 3969, 3920, 3967, 3914, 18854, 7611, 15487, 3803, 11694, 7820, 7655, 3928, 7703, 3893, 19352, 7855, 11812, 3811, 3857, 3972, 3896, 3996, 3918, 3971, 3953, 7829, 11699, 7732, 11326, 11633, 7818, 3951, 11258, 7456, 18649]
ChIJA1YiH0S25zsR9ZiuCNxT9L4	[19.1560639, 72.8351244]	[1504962301, 1504972177, 1504973976, 1505050356, 1505113770, 1505131785, 1505133570, 1505193952, 1505195741, 1505198457, 1505220043, 1505227258, 1505230842, 1505301025, 1505305526, 1505309182, 1505390787, 1505459942, 1505478967, 1505564571, 1505569097, 1505652023, 1505721086, 1505736375, 1505752564, 1505796038, 1505802340, 1505805941, 1505809539, 1505819430, 1505834762, 1505907389, 1505966803, 1505971300, 1505975801, 1505996082, 1506062476, 1506079557, 1506096659, 1506101140, 1506145268, 1506163265, 1506165970, 1506167788, 1506256894, 1506315974, 1506318665, 1506324082, 1506338468, 1506342081, 1506408137, 1506417125, 1506425227, 1506427934, 1506496258, 1506511550, 1506514250, 1506575518, 1506583646, 1506593519, 1506602545, 1506615124, 1506661695, 1506663488, 1506666192, 1506682386, 1506685098, 1506686905, 1506750300, 1506754814, 1506767405, 1506776417, 1506784533, 1506862531, 1506876027, 1506945161, 1507031367, 1507043975, 1507090575, 1507112167, 1507117585, 1507132876, 1507178451, 1507206388, 1507210128, 1507219852, 1507290718, 1507354515, 1507357228, 1507359033, 1507378833, 1507383373, 1507465946, 1507471366, 1507524998, 1507528618, 1507534925, 1507551120, 1507567276, 1507608046, 1507612554, 1507614358, 1507618878, 1507634145, 1507636872, 1507697080, 1507723206, 1507782962, 1507809064, 1507810895, 1507821700, 1507827040, 1507877243, 1507897058, 1507900716, 1507907881, 1507914114, 1507959459, 1507981112, 1507983814, 1507997264, 1508049140, 1508069870, 1508133124, 1508134927, 1508139422, 1508152021, 1508154747, 1508172717, 1508218716, 1508221409, 1508237605, 1508306793, 1508309507, 1508311299, 1508323000, 1508325709, 1508403328, 1508411425, 1508496277, 1508502616, 1508589144, 1508761511, 1508771388, 1508822127, 1508847355, 1508906569, 1508910171, 1508936276, 1508942569, 1509022405, 1509108805, 1509169103, 1509190704, 1509196138, 1509203324, 1509366663, 1509379258, 1509450665, 1509516721, 1509519421, 1509521238, 1509536523, 1509552717, 1509602095, 1509633070, 1509708628, 1509710429, 1509712233, 1509728421, 1509796958, 1509801466, 1509812255, 1509816751, 1509886405, 1509970047, 1509977307, 1510033623, 1510037221, 1510039022, 1510057020, 1510065124, 1510067819, 1510116414, 1510144314, 1510204113, 1510208615, 1510212217, 1510228415, 1510245511, 1510316168, 1510327864, 1510388990, 1510405201, 1510485145, 1510486946, 1510576192, 1510587886, 1510644089, 1510659386]	[6313, 894, 2687, 871, 3573, 873, 11669, 892, 904, 3621, 6333, 2700, 3584, 3631, 2746, 6251, 15317, 1789, 8983, 3619, 7182, 906, 893, 13490, 892, 1800, 903, 1802, 6311, 14434, 885, 5421, 2701, 3602, 8083, 17057, 3593, 16211, 891, 894, 1812, 1809, 910, 13487, 6315, 893, 902, 1800, 2705, 17079, 5394, 902, 898, 16185, 1789, 1802, 14399, 902, 1803, 896, 9895, 1791, 897, 904, 4509, 901, 901, 18870, 2706, 2693, 6312, 7223, 4490, 5414, 2696, 10828, 11715, 3590, 2711, 916, 12619, 899, 2710, 2712, 7042, 893, 11708, 1812, 909, 897, 3620, 894, 902, 892, 2719, 903, 871, 15266, 891, 3619, 905, 1824, 2677, 903, 14372, 5425, 17953, 894, 901, 9904, 3538, 877, 3601, 2749, 6286, 3550, 1777, 2740, 1813, 12577, 3582, 901, 9902, 898, 3601, 2699, 896, 17070, 2694, 1794, 891, 21575, 1819, 911, 904, 894, 19768, 899, 11704, 916, 10778, 8987, 8986, 892, 914, 10787, 2679, 2683, 5404, 1789, 6288, 10785, 897, 4525, 5397, 3580, 8999, 1798, 3599, 900, 900, 884, 15295, 899, 3601, 4624, 901, 900, 15288, 2698, 901, 7193, 901, 899, 5399, 6354, 3543, 2698, 900, 1800, 7207, 1796, 899, 901, 9001, 901, 1802, 901, 16196, 900, 10798, 899, 900, 5397, 900, 14402, 9899, 2698, 1807, 11704]
ChIJrfXaGES25zsRc8n1DB7QJiY	[19.1562342, 72.8351338]	[1503931196, 1504012006, 1504084508, 1504096219, 1504098017, 1504102529, 1504174856, 1504182059, 1504191074, 1504201852, 1504250168, 1504265464, 1504269972, 1504280765, 1504338452, 1504345649, 1504351049, 1504358256, 1504364558, 1504367252, 1504432912, 1504440115, 1504445522, 1504515421, 1504521717, 1504525336, 1504528042, 1504533474, 1504538848, 1504542431, 1504672840, 1504691745, 1504698944, 1504700753, 1504702570, 1504707993, 1504709792, 1504716036, 1504780466, 1504784067, 1504788612, 1504791332, 1504795810, 1504799380, 1504853299, 1504867694, 1504870387, 1504879733, 1504884019, 1504885687, 1504957772, 1504959614, 1504961398, 1504967716, 1504971281, 1504976663, 1505049427, 1505111957, 1505129049, 1505140793, 1505147031, 1505222756, 1505226376, 1505234426, 1505311881, 1505390787, 1505392601, 1505399009, 1505461731, 1505480785, 1505482585, 1505485278, 1505570014, 1505739097, 1505742726, 1505746304, 1505748085, 1505825788, 1505832977, 1505907389, 1505911900, 1505916403, 1505977602, 1505999697, 1506003310, 1506008675, 1506176808, 1506349303, 1506434271, 1506436956, 1506520576, 1506523263, 1506527742, 1506608861, 1506695029, 1506699508, 1506703091, 1506780945, 1506786332, 1506948776, 1506951488, 1507213627, 1507216267, 1507294355, 1507296148, 1507298849, 1507555643, 1507561028, 1507640517, 1507726907, 1507728716, 1507730520, 1507815541, 1507819914, 1507822572, 1507900716, 1507905257, 1507985624, 1507991053, 1507994593, 1508076211, 1508135834, 1508154747, 1508157431, 1508161080, 1508166451, 1508169131, 1508244836, 1508252032, 1508307718, 1508331131, 1508332948, 1508334741, 1508341007, 1508417737, 1508508010, 1508511603, 1508590044, 1508593652, 1508595451, 1508851891, 1508939897, 1509024221, 1509112427, 1509369370, 1509372966, 1509457869, 1509714937, 1509803264, 1509805964, 1510149723, 1510323374, 1510491452]	[11510, 1809, 2704, 901, 2708, 2688, 910, 2707, 3592, 899, 897, 1806, 7199, 9885, 1797, 2699, 5407, 5403, 1793, 2698, 1801, 4505, 6300, 909, 909, 1814, 4548, 915, 2688, 6274, 2706, 892, 917, 929, 4546, 913, 5340, 3579, 2717, 1847, 1807, 3593, 2679, 1783, 3604, 1808, 5833, 3506, 799, 4395, 909, 890, 4521, 2674, 2695, 891, 6296, 3625, 5734, 4446, 888, 1828, 1783, 1790, 2673, 922, 5530, 4414, 926, 922, 899, 897, 900, 905, 1797, 887, 899, 6354, 887, 2718, 910, 913, 2714, 937, 1790, 1785, 893, 2680, 896, 897, 1786, 2703, 907, 895, 1802, 1787, 910, 887, 904, 900, 3604, 1778, 903, 885, 912, 4463, 3609, 2678, 924, 899, 994, 890, 1736, 1786, 897, 925, 863, 4545, 2655, 901, 891, 902, 1784, 2739, 3587, 888, 894, 5411, 6267, 894, 908, 898, 5374, 1777, 908, 911, 1791, 889, 886, 900, 896, 901, 915, 1803, 1800, 899, 901, 1798, 902, 898, 901, 900, 1802]
ChIJ98n3GES25zsRGSeKMClKE6c	[19.1563466, 72.8351461]	[1488197487, 1489492701, 1491223864, 1491659472, 1491825796, 1493122383, 1497102193]	[3814, 3777, 3852, 3967, 3793, 19186, 1]
ChIJh702aES25zsR9BlMX7BdQkw	[19.1578508, 72.8351638]	[1488193782, 1488286647, 1488371290, 1488634567, 1488983881, 1489492701, 1489500318, 1489644901, 1489753929, 1490785349, 1490797301, 1491223864, 1491487828, 1491565770, 1491655632, 1491829589, 1491997319, 1492865866, 1493122383, 1496404551, 1496664762]	[7519, 3796, 3954, 3951, 7576, 3777, 3876, 3826, 3987, 3828, 3901, 3852, 3891, 7764, 7808, 7854, 3804, 7939, 19186, 3753, 3943]
ChIJ2wCYk0S25zsRTbjW-TPdpvU	[19.1596021, 72.8350813]	[1503760811, 1504012906, 1504108814, 1504187466, 1504191973, 1504195564, 1504605099, 1504627616, 1504976664, 1506790824]	[7448, 1804, 2697, 2708, 1792, 8085, 905, 3586, 1786, 1783]
ChIJeV8AlkS25zsRjd1ZaOdTPHE	[19.1600204, 72.8349516]	[1498292165, 1503760811, 1504110611, 1504184766, 1504191074, 1504200955, 1504627616, 1504629403, 1504973976, 1505397193, 1506789916, 1509541931, 1510153315, 1510327864]	[3709, 7448, 901, 1798, 2691, 3593, 897, 3586, 4474, 938, 1796, 1797, 901, 899]
ChIJf6_Bu0S25zsRrcMSayrQiGI	[19.1604816, 72.83482099999999]	[1504201853, 1504628513, 1504630304, 1504977554, 1505397193, 1506789916, 1509541932, 1510153315, 1510234725, 1510327864, 1510402495]	[2695, 890, 2685, 896, 938, 1796, 1796, 901, 900, 899, 899]
ChIJj6JwsUS25zsRlz2z4jbdJfw	[19.16106, 72.83473649999999]	[1506789916, 1507384267, 1508071694, 1510149725, 1510320675]	[908, 887, 1812, 2691, 901]
ChIJa8Yhs0S25zsRRSWN1lXB6xk	[19.1613682, 72.8347087]	[1487942028, 1488445691, 1503764557, 1504203649, 1504631202, 1504632989, 1504976664, 1506789917, 1507384267, 1510149726, 1510320675]	[3926, 3722, 3703, 899, 896, 906, 1786, 907, 887, 2691, 901]
ChIJceBjTlu25zsRcw0YCOkj8hs	[19.1618677, 72.8346921]	[1504630304, 1504976664, 1508071694]	[898, 890, 1812]
ChIJGXUFQ1u25zsR8JaLUL03SIs	[19.1626062, 72.8346883]	[1487942030, 1490454190, 1491825796, 1492775941, 1498292165, 1498299600, 1500559466, 1503665624, 1503995885, 1504186564, 1504194666, 1504606896, 1504626724, 1504630304, 1504878671, 1504954188, 1504961399, 1504969509, 1505139042, 1505224584, 1505314554, 1505319000, 1505395533, 1505399928, 1505543904, 1505550186, 1505570914, 1505814029, 1505822144, 1506001517, 1506092202, 1506525966, 1506605287, 1506607060, 1506609756, 1506612440, 1506945161, 1507291620, 1507295240, 1507297060, 1507298849, 1507301534, 1507303312, 1507381554, 1507383373, 1507385154, 1507389641, 1507903438, 1507974768, 1507982023, 1508071694, 1508857248, 1508937210, 1509374764, 1509376561, 1509541933, 1509544628, 1509798760, 1509800562, 1509802365, 1509805065, 1509880094, 1509883696, 1509984437, 1510061532, 1510063327, 1510144314, 1510150626, 1510238334, 1510242816, 1510326966, 1510384491, 1510390789, 1510393488, 1510484245, 1510671090, 1510672887]	[3924, 3887, 3793, 3869, 3710, 3728, 3890, 3800, 3891, 902, 898, 4494, 893, 1794, 2326, 898, 903, 4467, 3535, 905, 879, 906, 3476, 1722, 3590, 1784, 903, 910, 916, 1794, 882, 885, 864, 911, 891, 891, 912, 1817, 912, 903, 897, 892, 1797, 899, 894, 1793, 1784, 913, 1839, 3601, 3617, 1788, 896, 899, 899, 1795, 902, 901, 904, 899, 899, 900, 900, 886, 902, 900, 908, 1791, 886, 897, 898, 901, 901, 900, 1800, 900, 900]
ChIJlf3QaFu25zsRg2oJ9MqQvXU	[19.1631918, 72.834706]	[1501860233, 1501930498, 1502087614, 1502285652, 1502463225, 1502952222, 1503665624, 1503741515, 1503923255, 1503995885, 1504160463, 1504186564, 1504192874, 1504269972, 1504435613, 1504516330, 1504524440, 1504590695, 1504604192, 1504609588, 1504626724, 1504688139, 1504703524, 1504848797, 1504870388, 1504878671, 1504953275, 1504956889, 1504961399, 1504965028, 1504968615, 1504971281, 1505041303, 1505120107, 1505127245, 1505135547, 1505141689, 1505147919, 1505210131, 1505222757, 1505227258, 1505233527, 1505301929, 1505307347, 1505309182, 1505314555, 1505318109, 1505383609, 1505394428, 1505402546, 1505404312, 1505474466, 1505479855, 1505482585, 1505487056, 1505540276, 1505542091, 1505545718, 1505549271, 1505552871, 1505565483, 1505568190, 1505573593, 1505646608, 1505740002, 1505814029, 1505822144, 1506001517, 1506083206, 1506091295, 1506094867, 1506165970, 1506174118, 1506252363, 1506339366, 1506408137, 1506418027, 1506439639, 1506490844, 1506499845, 1506524156, 1506601634, 1506605287, 1506608862, 1506612440, 1506615124, 1506617814, 1506694131, 1506945161, 1507040399, 1507117585, 1507123902, 1507129295, 1507209100, 1507290718, 1507292519, 1507303312, 1507361728, 1507374318, 1507381554, 1507383373, 1507463239, 1507466848, 1507532203, 1507541189, 1507627836, 1507633247, 1507643240, 1507700695, 1507713269, 1507715986, 1507721385, 1507814617, 1507822572, 1507897058, 1507901641, 1507907881, 1507965810, 1507975681, 1507982023, 1507983814, 1508055436, 1508059042, 1508062641, 1508069870, 1508230392, 1508570232, 1508598131, 1508765118, 1508772280, 1508774976, 1508857248, 1508861732, 1508937210, 1509030488, 1509104293, 1509189815, 1509191623, 1509200639, 1509276753, 1509373866, 1509447058, 1509458770, 1509717636, 1509778058, 1509785256, 1509790655, 1509798760, 1509802365, 1509807761, 1509810458, 1509880094, 1509883696, 1509984437, 1510057921, 1510063327, 1510065124, 1510066920, 1510069618, 1510072315, 1510118212, 1510132611, 1510135310, 1510142513, 1510144314, 1510146120, 1510149728, 1510155113, 1510206814, 1510208615, 1510211321, 1510221214, 1510225717, 1510238334, 1510242816, 1510291862, 1510299964, 1510313464, 1510316168, 1510320675, 1510326966, 1510379991, 1510383591, 1510390789, 1510393488, 1510395288, 1510404298, 1510407900, 1510411495, 1510480644, 1510482445, 1510563600, 1510570787, 1510580697, 1510642289, 1510648588, 1510656687, 1510658486, 1510671090, 1510672887]	[3768, 3761, 3750, 3789, 3746, 3739, 3800, 3779, 3958, 3891, 2700, 902, 2690, 914, 901, 2686, 1785, 900, 3606, 1802, 893, 2690, 864, 912, 912, 3667, 2720, 883, 2705, 891, 894, 3588, 892, 3553, 906, 3495, 888, 896, 901, 3619, 901, 2689, 894, 925, 1782, 1777, 1797, 875, 7222, 877, 898, 915, 930, 1798, 2691, 923, 1813, 1776, 2699, 1794, 1813, 4516, 1808, 2698, 2724, 910, 916, 1794, 883, 1789, 1792, 910, 2690, 920, 908, 902, 1808, 907, 900, 902, 4493, 1806, 2684, 1785, 891, 888, 894, 1804, 912, 890, 897, 904, 909, 2736, 902, 9907, 2689, 918, 905, 899, 8052, 2707, 5410, 916, 899, 896, 1802, 3553, 5412, 908, 899, 899, 3559, 897, 2749, 2710, 867, 1805, 926, 902, 2757, 905, 888, 895, 6341, 2704, 905, 896, 894, 1797, 898, 1788, 892, 4471, 2674, 912, 889, 1793, 2685, 889, 3594, 2710, 897, 897, 899, 900, 1802, 2706, 3599, 1797, 898, 900, 900, 886, 4513, 900, 898, 1798, 1797, 898, 900, 901, 904, 902, 908, 903, 4489, 898, 903, 900, 3596, 903, 899, 1785, 897, 2701, 1798, 1801, 900, 901, 3594, 898, 2700, 1801, 900, 1802, 2705, 901, 2696, 900, 3600, 3586, 1804, 900, 901, 1798, 898, 900, 900, 900]
ChIJObOqcVu25zsRCmiAaBscKnU	[19.1638275, 72.8347519]	[1508073506]	[919]
ChIJdZy3nVu25zsRToykFQfQ-R8	[19.1645306, 72.834805]	[1498292166, 1498818479, 1498829804, 1504973071, 1507051155]	[3709, 3751, 7831, 905, 893]
ChIJfUnFkFu25zsRQzfgk0d-OFY	[19.1652015, 72.8348456]	[1498288439, 1498307120, 1498373592, 1498380916, 1498458258, 1498469248, 1498731836, 1498803413, 1498814715, 1498829804, 1498897237, 1498904691, 1498915881, 1499175307, 1499411926, 1504973071, 1507050256, 1507304221, 1508071695]	[7436, 3829, 3658, 3663, 3682, 3670, 3701, 7557, 11251, 7831, 3740, 3703, 3826, 3948, 3728, 905, 1792, 1780, 4516]
ChIJtalI61u25zsRWjj_woHkbN8	[19.1658719, 72.8349051]	[1507051155, 1508071696, 1508074425]	[893, 1810, 1786]
ChIJa03f4Vu25zsRBy5MUzLJrBI	[19.1669892, 72.8350121]	[1492008913, 1498829804, 1501685284, 1502459397, 1505828556, 1507047566, 1507125726, 1507302426, 1507647674, 1507650361, 1508071696, 1508076211]	[3865, 11609, 3858, 7575, 5308, 4482, 3569, 3576, 1790, 883, 3615, 5341]
ChIJTXQfQ1m25zsRfkRv2JFfokQ	[19.1680988, 72.83508139999999]	[1491140631, 1492008914]	[3937, 3864]
ChIJdcj2P1m25zsRcgLoHuJloC0	[19.1687488, 72.83515249999999]	[1488205235, 1488634567, 1491140632, 1492008915, 1497012484]	[3936, 3951, 3937, 3863, 1]
ChIJ4-VJH1m25zsRNqkLLQhO3VM	[19.1698637, 72.8352773]	[1488205235, 1488552825, 1488634567, 1488808921, 1492004990]	[3937, 3883, 3951, 3980, 11525]
ChIJC_1I5li25zsRzi-BpoFmEDI	[19.1708262, 72.8355131]	[1503923261, 1505400761, 1505826699, 1505830321, 1508841036, 1510298168]	[3953, 4449, 951, 1821, 904, 896]
ChIJATBZ6Vi25zsRsnp-ybEnqQI	[19.1712839, 72.8356615]	[1502516109, 1505400762, 1505826699, 1505830321, 1510298168]	[3768, 4448, 951, 1821, 896]
ChIJCRcUk1i25zsRxX6PhDV9E0Y	[19.1717111, 72.8357707]	[1488001052, 1489213095, 1490681667, 1491114515, 1491632843, 1492146828, 1492237566, 1492324501, 1492839150, 1493446857, 1493532666, 1496470691]	[3790, 3832, 3747, 3764, 3867, 3785, 3960, 3814, 3852, 3859, 3742, 3737]
ChIJI64whVi25zsRtI22D0zjlCQ	[19.1724641, 72.8360347]	[1487915364, 1488001052, 1488027489, 1488089980, 1488260522, 1488434535, 1488604076, 1488693664, 1488867765, 1488953679, 1489209295, 1489559293, 1489730945, 1489903224, 1489991794, 1490248541, 1490422991, 1490505525, 1490594578, 1490681668, 1491114515, 1491199462, 1491286574, 1491632843, 1491718435, 1492064014, 1492146828, 1492237566, 1492320756, 1492410181, 1492753452, 1492839150, 1492925157, 1493014045, 1493274646, 1493360554, 1493443015, 1493532666, 1493617585, 1493706307, 1493962263, 1494047804, 1494222620, 1494482613, 1494743442, 1494916598, 1495175188, 1495261178, 1495347994, 1496470691]	[3816, 3790, 3892, 3717, 7589, 3738, 3824, 3736, 3792, 3777, 7632, 3817, 3890, 3709, 3767, 3776, 3951, 7477, 3856, 3746, 3764, 3789, 3736, 3867, 3768, 3796, 7604, 3961, 7559, 3840, 3789, 7756, 7439, 3804, 3761, 3786, 7701, 3742, 3728, 3855, 7525, 3968, 3926, 3772, 3778, 3754, 3753, 3794, 3745, 3737]
ChIJGwKFKfa25zsRcOdsMsPrAew	[19.1732556, 72.83635079999999]	[1487911547, 1487997358, 1488019977, 1488089980, 1488174871, 1488256678, 1488294269, 1488345161, 1488430788, 1488518196, 1488604076, 1488626836, 1488689929, 1488778700, 1488808921, 1488863972, 1488886966, 1488898682, 1488953679, 1489035025, 1489061102, 1489124099, 1489209295, 1489224507, 1489243757, 1489295061, 1489470371, 1489559293, 1489578061, 1489644902, 1489727055, 1489813473, 1489848094, 1489903224, 1489987999, 1490076775, 1490162879, 1490244744, 1490331559, 1490419094, 1490450208, 1490505525, 1490594578, 1490677888, 1490762687, 1490852715, 1490942881, 1490961848, 1491021482, 1491029126, 1491110776, 1491195573, 1491220091, 1491282827, 1491305173, 1491372037, 1491457564, 1491483952, 1491542811, 1491629064, 1491655633, 1491663440, 1491714747, 1491803317, 1491888840, 1491907674, 1491974545, 1492060188, 1492146828, 1492233671, 1492324501, 1492406376, 1492440848, 1492492265, 1492518776, 1492577974, 1492753452, 1492839151, 1492854515, 1492873805, 1492925157, 1493010260, 1493099853, 1493181624, 1493189246, 1493207909, 1493270843, 1493356734, 1493379521, 1493443015, 1493465844, 1493485284, 1493528939, 1493558727, 1493613881, 1493702481, 1493791203, 1493876737, 1493962263, 1494047804, 1494132230, 1494222620, 1494310055, 1494392829, 1494478826, 1494568562, 1494652346, 1494739707, 1494828887, 1494912819, 1494998765, 1495088980, 1495111526, 1495171428, 1495257389, 1495280427, 1495347994, 1495429729, 1496207588, 1496293318, 1496378543, 1496404551, 1496419637, 1496466968, 1496489372, 1496508495, 1496552776, 1496580864, 1496815197, 1496852727, 1496896511]	[7633, 7484, 11404, 3717, 3886, 11433, 3793, 7565, 7485, 7910, 7640, 11682, 11172, 7503, 7779, 7585, 3850, 3818, 3777, 7547, 3731, 7645, 7632, 3792, 3929, 7363, 3754, 3817, 3789, 3825, 7780, 7690, 3999, 3709, 7562, 3803, 3787, 7573, 7795, 7848, 3982, 7477, 3856, 3780, 7654, 3824, 3845, 3943, 3816, 3796, 7503, 7678, 3773, 7483, 3742, 3815, 3834, 3876, 7755, 7647, 3839, 3951, 7456, 3816, 3824, 7492, 7680, 7622, 7604, 7856, 3814, 7645, 3938, 7693, 3847, 7647, 3790, 7755, 3737, 3900, 7439, 7589, 3796, 3803, 3794, 3849, 7564, 7606, 3912, 7701, 7744, 3727, 7469, 3928, 7432, 7681, 3909, 7562, 7525, 3969, 11536, 3927, 3990, 3811, 7559, 3761, 3917, 7513, 3762, 7533, 3779, 3803, 3896, 7513, 7583, 11864, 3745, 7564, 7647, 7493, 11226, 3753, 3693, 7460, 3765, 3688, 3840, 3838, 3837, 1, 3654]
ChIJuUJJLPa25zsRtuy6wjWvDeo	[19.1736382, 72.8364895]	[1487911547, 1488001052, 1488019977, 1488089980, 1488174871, 1488256678, 1488294269, 1488345162, 1488430788, 1488518197, 1488604076, 1488626836, 1488689929, 1488778700, 1488808921, 1488863972, 1488886966, 1488898682, 1488953679, 1489035025, 1489061102, 1489124100, 1489209295, 1489224507, 1489243757, 1489295061, 1489470371, 1489559293, 1489578061, 1489644902, 1489727055, 1489813473, 1489848094, 1489903224, 1489988000, 1490076775, 1490162879, 1490244744, 1490331559, 1490419094, 1490450208, 1490505525, 1490594578, 1490677888, 1490762687, 1490852715, 1490942881, 1491021482, 1491029126, 1491110776, 1491195573, 1491282827, 1491305173, 1491372037, 1491457564, 1491483952, 1491542811, 1491629064, 1491655633, 1491663440, 1491714747, 1491888840, 1491907674, 1491974545, 1492060188, 1492146828, 1492233672, 1492320757, 1492406376, 1492440849, 1492492265, 1492518776, 1492577974, 1492753452, 1492783821, 1492839152, 1492854515, 1492869834, 1492925158, 1493010261, 1493099853, 1493181624, 1493189246, 1493207909, 1493270843, 1493356734, 1493443015, 1493465844, 1493528939, 1493558727, 1493613881, 1493702481, 1493791203, 1493876737, 1493962263, 1494047804, 1494136015, 1494158940, 1494222620, 1494310055, 1494392829, 1494478826, 1494497675, 1494587189, 1494652346, 1494743442, 1494762007, 1494828887, 1494916598, 1495002544, 1495175188, 1495213169, 1495257389, 1495272557, 1495284367, 1495300068, 1495433517, 1496293318, 1496378543, 1496404551, 1496504770, 1496580864, 1496815197, 1496852727]	[7633, 7646, 11404, 3717, 3886, 11433, 3793, 7565, 7485, 7909, 7640, 7731, 11172, 7503, 7779, 7585, 3850, 3818, 3777, 7547, 3731, 7644, 7632, 3792, 3929, 11066, 3754, 3817, 3789, 3825, 7780, 7690, 3999, 3709, 7561, 3803, 3787, 7573, 7796, 7848, 3982, 7477, 3856, 3780, 7654, 3824, 3846, 3816, 3796, 7503, 7678, 7483, 3742, 3815, 3834, 3876, 7755, 7647, 3839, 3951, 7456, 3824, 7492, 7680, 7622, 7604, 7855, 7558, 7645, 3937, 7693, 3847, 7647, 3790, 3999, 7754, 3737, 3971, 7438, 7588, 3796, 3803, 3794, 3849, 7564, 7606, 7701, 7744, 7469, 3928, 7432, 7681, 3909, 7562, 7525, 3970, 7751, 3972, 3927, 3990, 3811, 7559, 3685, 3751, 3917, 3779, 3726, 3762, 3754, 3786, 3753, 3713, 7583, 3754, 7924, 3729, 3776, 7493, 11226, 3753, 7413, 3838, 3837, 1]
ChIJCV1grfe25zsRwnYCscSubmE	[19.1752359, 72.83711459999999]	[1489243758, 1498829804, 1502557695, 1502722192, 1505399928, 1505574496, 1505826700, 1506695935, 1506700405, 1507297963, 1507387866, 1507391427, 1507640518, 1507902539, 1507993708, 1507999956]	[3928, 3897, 3664, 7504, 1722, 905, 5442, 3574, 890, 6258, 2663, 1788, 9843, 899, 885, 1790]
